CH1,CH1,CH1,,,,CL,CC,
RawData,BaseLine,Diff,,,,8,10,10240
3664,3665,-1,,,,,,
3667,3665,2,,,,,,
3667,3665,2,,,,,,
3667,3665,2,,,,,,
3667,3665,2,,,,,,
3667,3665,2,,,,,,
3667,3665,2,,,,,,
3667,3665,2,,,,,,
3667,3665,2,,,,,,
3667,3665,2,,,,,,
3667,3665,2,,,,,,
3667,3665,2,,,,,,
3667,3667,0,,,,,,
3667,3667,0,,,,,,
3667,3667,0,,,,,,
3667,3667,0,,,,,,
3667,3667,0,,,,,,
3667,3667,0,,,,,,
3667,3667,0,,,,,,
3667,3667,0,,,,,,
3667,3667,0,,,,,,
3667,3667,0,,,,,,
3667,3667,0,,,,,,
3667,3667,0,,,,,,
3666,3667,-1,,,,,,
3666,3667,-1,,,,,,
3666,3667,-1,,,,,,
3666,3667,-1,,,,,,
3666,3667,-1,,,,,,
3665,3667,-2,,,,,,
3665,3667,-2,,,,,,
3665,3667,-2,,,,,,
3665,3667,-2,,,,,,
3665,3667,-2,,,,,,
3665,3667,-2,,,,,,
3664,3667,-3,,,,,,
3663,3667,-4,,,,,,
3664,3667,-3,,,,,,
3664,3667,-3,,,,,,
3664,3667,-3,,,,,,
3664,3667,-3,,,,,,
3664,3667,-3,,,,,,
3664,3667,-3,,,,,,
3664,3667,-3,,,,,,
3664,3667,-3,,,,,,
3664,3667,-3,,,,,,
3664,3667,-3,,,,,,
3664,3667,-3,,,,,,
3664,3667,-3,,,,,,
3664,3667,-3,,,,,,
3663,3667,-4,,,,,,
3664,3667,-3,,,,,,
3664,3667,-3,,,,,,
3664,3667,-3,,,,,,
3664,3667,-3,,,,,,
3664,3667,-3,,,,,,
3664,3667,-3,,,,,,
3664,3667,-3,,,,,,
3664,3667,-3,,,,,,
3664,3667,-3,,,,,,
3664,3667,-3,,,,,,
3664,3667,-3,,,,,,
3664,3667,-3,,,,,,
3664,3667,-3,,,,,,
3664,3667,-3,,,,,,
3664,3667,-3,,,,,,
3664,3667,-3,,,,,,
3664,3667,-3,,,,,,
3664,3667,-3,,,,,,
3664,3667,-3,,,,,,
3664,3667,-3,,,,,,
3664,3667,-3,,,,,,
3664,3667,-3,,,,,,
3664,3667,-3,,,,,,
3664,3667,-3,,,,,,
3664,3667,-3,,,,,,
3663,3667,-4,,,,,,
3664,3667,-3,,,,,,
3664,3667,-3,,,,,,
3663,3667,-4,,,,,,
3663,3666,-3,,,,,,
3664,3666,-2,,,,,,
3663,3666,-3,,,,,,
3664,3666,-2,,,,,,
3664,3666,-2,,,,,,
3664,3666,-2,,,,,,
3664,3666,-2,,,,,,
3664,3666,-2,,,,,,
3663,3666,-3,,,,,,
3663,3666,-3,,,,,,
3664,3666,-2,,,,,,
3664,3666,-2,,,,,,
3664,3666,-2,,,,,,
3664,3666,-2,,,,,,
3664,3666,-2,,,,,,
3664,3666,-2,,,,,,
3663,3666,-3,,,,,,
3664,3666,-2,,,,,,
3664,3666,-2,,,,,,
3664,3666,-2,,,,,,
3664,3666,-2,,,,,,
3664,3666,-2,,,,,,
3663,3666,-3,,,,,,
3664,3666,-2,,,,,,
3664,3666,-2,,,,,,
3664,3666,-2,,,,,,
3664,3666,-2,,,,,,
3664,3666,-2,,,,,,
3664,3666,-2,,,,,,
3664,3666,-2,,,,,,
3664,3666,-2,,,,,,
3664,3666,-2,,,,,,
3664,3666,-2,,,,,,
3664,3666,-2,,,,,,
3664,3666,-2,,,,,,
3664,3666,-2,,,,,,
3663,3666,-3,,,,,,
3664,3666,-2,,,,,,
3664,3666,-2,,,,,,
3664,3666,-2,,,,,,
3664,3666,-2,,,,,,
3664,3666,-2,,,,,,
3664,3666,-2,,,,,,
3664,3666,-2,,,,,,
3664,3666,-2,,,,,,
3664,3666,-2,,,,,,
3664,3666,-2,,,,,,
3664,3666,-2,,,,,,
3664,3666,-2,,,,,,
3664,3666,-2,,,,,,
3664,3666,-2,,,,,,
3664,3666,-2,,,,,,
3664,3666,-2,,,,,,
3664,3666,-2,,,,,,
3664,3666,-2,,,,,,
3664,3666,-2,,,,,,
3664,3666,-2,,,,,,
3664,3666,-2,,,,,,
3664,3666,-2,,,,,,
3664,3666,-2,,,,,,
3664,3666,-2,,,,,,
3664,3666,-2,,,,,,
3664,3666,-2,,,,,,
3664,3666,-2,,,,,,
3663,3666,-3,,,,,,
3664,3666,-2,,,,,,
3664,3666,-2,,,,,,
3664,3666,-2,,,,,,
3663,3666,-3,,,,,,
3664,3666,-2,,,,,,
3664,3666,-2,,,,,,
3663,3666,-3,,,,,,
3664,3666,-2,,,,,,
3664,3666,-2,,,,,,
3664,3665,-1,,,,,,
3664,3665,-1,,,,,,
3664,3665,-1,,,,,,
3664,3665,-1,,,,,,
3664,3665,-1,,,,,,
3664,3665,-1,,,,,,
3664,3665,-1,,,,,,
3664,3665,-1,,,,,,
3664,3665,-1,,,,,,
3664,3665,-1,,,,,,
3664,3665,-1,,,,,,
3664,3665,-1,,,,,,
3664,3665,-1,,,,,,
3664,3665,-1,,,,,,
3664,3665,-1,,,,,,
3664,3665,-1,,,,,,
3664,3665,-1,,,,,,
3664,3665,-1,,,,,,
3664,3665,-1,,,,,,
3664,3665,-1,,,,,,
3664,3665,-1,,,,,,
3664,3665,-1,,,,,,
3664,3665,-1,,,,,,
3664,3665,-1,,,,,,
3664,3665,-1,,,,,,
3664,3665,-1,,,,,,
3664,3665,-1,,,,,,
3664,3665,-1,,,,,,
3664,3665,-1,,,,,,
3664,3665,-1,,,,,,
3664,3665,-1,,,,,,
3664,3665,-1,,,,,,
3664,3665,-1,,,,,,
3664,3665,-1,,,,,,
3664,3665,-1,,,,,,
3663,3665,-2,,,,,,
3664,3665,-1,,,,,,
3664,3665,-1,,,,,,
3664,3665,-1,,,,,,
3664,3665,-1,,,,,,
3664,3665,-1,,,,,,
3664,3665,-1,,,,,,
3664,3665,-1,,,,,,
3664,3665,-1,,,,,,
3664,3665,-1,,,,,,
3664,3665,-1,,,,,,
3664,3665,-1,,,,,,
3665,3665,0,,,,,,
3665,3665,0,,,,,,
3665,3665,0,,,,,,
3665,3665,0,,,,,,
3665,3665,0,,,,,,
3665,3665,0,,,,,,
3665,3665,0,,,,,,
3665,3665,0,,,,,,
3665,3665,0,,,,,,
3665,3665,0,,,,,,
3665,3665,0,,,,,,
3665,3665,0,,,,,,
3665,3665,0,,,,,,
3665,3665,0,,,,,,
3665,3665,0,,,,,,
3665,3665,0,,,,,,
3665,3665,0,,,,,,
3665,3665,0,,,,,,
3665,3665,0,,,,,,
3665,3665,0,,,,,,
3665,3665,0,,,,,,
3664,3665,-1,,,,,,
3664,3665,-1,,,,,,
3664,3665,-1,,,,,,
3664,3665,-1,,,,,,
3664,3665,-1,,,,,,
3664,3665,-1,,,,,,
3664,3665,-1,,,,,,
3664,3665,-1,,,,,,
3664,3665,-1,,,,,,
3665,3665,0,,,,,,
3743,3665,78,,,,,,
7790,3665,4125,,,,,,
7038,3665,3373,,,,,,
3723,3665,58,,,,,,
8000,3665,4335,,,,,,
8000,3665,4335,,,,,,
8000,3665,4335,,,,,,
8000,3665,4335,,,,,,
7999,3665,4334,,,,,,
4516,3665,851,,,,,,
8000,3665,4335,,,,,,
8000,3665,4335,,,,,,
8000,3665,4335,,,,,,
8000,3665,4335,,,,,,
7999,3665,4334,,,,,,
4864,3665,1199,,,,,,
7472,3665,3807,,,,,,
8000,3665,4335,,,,,,
8000,3665,4335,,,,,,
8000,3665,4335,,,,,,
8000,3665,4335,,,,,,
4832,3665,1167,,,,,,
7268,3665,3603,,,,,,
8000,3665,4335,,,,,,
8000,3665,4335,,,,,,
8000,3665,4335,,,,,,
8000,3665,4335,,,,,,
7999,3665,4334,,,,,,
7202,3665,3537,,,,,,
8000,3665,4335,,,,,,
8000,3665,4335,,,,,,
8000,3665,4335,,,,,,
8000,3665,4335,,,,,,
5663,3665,1998,,,,,,
7603,3665,3938,,,,,,
8000,3665,4335,,,,,,
8000,3665,4335,,,,,,
8000,3665,4335,,,,,,
8000,3665,4335,,,,,,
8000,3665,4335,,,,,,
8000,3665,4335,,,,,,
8000,3665,4335,,,,,,
8000,3665,4335,,,,,,
8000,3665,4335,,,,,,
8000,3665,4335,,,,,,
8000,3665,4335,,,,,,
8000,3665,4335,,,,,,
8000,3665,4335,,,,,,
8000,3665,4335,,,,,,
8000,3665,4335,,,,,,
8000,3665,4335,,,,,,
8000,3665,4335,,,,,,
8000,3665,4335,,,,,,
8000,3665,4335,,,,,,
8000,3665,4335,,,,,,
8000,3665,4335,,,,,,
8000,3665,4335,,,,,,
8000,3665,4335,,,,,,
8000,3665,4335,,,,,,
8000,3665,4335,,,,,,
8000,3665,4335,,,,,,
8000,3665,4335,,,,,,
8000,3665,4335,,,,,,
8000,3665,4335,,,,,,
8000,3665,4335,,,,,,
8000,3665,4335,,,,,,
8000,3665,4335,,,,,,
8000,3665,4335,,,,,,
8000,3665,4335,,,,,,
8000,3665,4335,,,,,,
8000,3665,4335,,,,,,
8000,3665,4335,,,,,,
8000,3665,4335,,,,,,
8000,3665,4335,,,,,,
8000,3665,4335,,,,,,
8000,3665,4335,,,,,,
8000,3665,4335,,,,,,
8000,3665,4335,,,,,,
8000,3665,4335,,,,,,
8000,3665,4335,,,,,,
8000,3665,4335,,,,,,
8000,3665,4335,,,,,,
8000,3665,4335,,,,,,
8000,3665,4335,,,,,,
8000,3665,4335,,,,,,
8000,3665,4335,,,,,,
8000,3665,4335,,,,,,
8000,3665,4335,,,,,,
8000,3665,4335,,,,,,
8000,3665,4335,,,,,,
8000,3665,4335,,,,,,
8000,3665,4335,,,,,,
8000,3665,4335,,,,,,
8000,3665,4335,,,,,,
8000,3665,4335,,,,,,
8000,3665,4335,,,,,,
8000,3665,4335,,,,,,
8000,3665,4335,,,,,,
8000,3665,4335,,,,,,
8000,3665,4335,,,,,,
8000,3665,4335,,,,,,
8000,3665,4335,,,,,,
8000,3665,4335,,,,,,
8000,3665,4335,,,,,,
8000,3665,4335,,,,,,
8000,3665,4335,,,,,,
8000,3665,4335,,,,,,
8000,3665,4335,,,,,,
8000,3665,4335,,,,,,
8000,3665,4335,,,,,,
8000,3665,4335,,,,,,
8000,3665,4335,,,,,,
8000,3665,4335,,,,,,
8000,3665,4335,,,,,,
8000,3665,4335,,,,,,
8000,3665,4335,,,,,,
8000,3665,4335,,,,,,
8000,3665,4335,,,,,,
8000,3665,4335,,,,,,
8000,3665,4335,,,,,,
8000,3665,4335,,,,,,
8000,3665,4335,,,,,,
7999,3665,4334,,,,,,
7399,3665,3734,,,,,,
3810,3665,145,,,,,,
3752,3665,87,,,,,,
3721,3665,56,,,,,,
3718,3665,53,,,,,,
3715,3665,50,,,,,,
3686,3665,21,,,,,,
3659,3665,-6,,,,,,
3661,3665,-4,,,,,,
3665,3665,0,,,,,,
3665,3665,0,,,,,,
3666,3665,1,,,,,,
3667,3665,2,,,,,,
3665,3665,0,,,,,,
3667,3665,2,,,,,,
3667,3665,2,,,,,,
3667,3665,2,,,,,,
3669,3665,4,,,,,,
3670,3665,5,,,,,,
3670,3665,5,,,,,,
3670,3665,5,,,,,,
3671,3665,6,,,,,,
3671,3665,6,,,,,,
3671,3665,6,,,,,,
3671,3665,6,,,,,,
3671,3665,6,,,,,,
3671,3665,6,,,,,,
3672,3665,7,,,,,,
3671,3665,6,,,,,,
3672,3665,7,,,,,,
3672,3665,7,,,,,,
3671,3665,6,,,,,,
3672,3665,7,,,,,,
3672,3665,7,,,,,,
3671,3665,6,,,,,,
3672,3665,7,,,,,,
3671,3665,6,,,,,,
3671,3665,6,,,,,,
3672,3665,7,,,,,,
3672,3665,7,,,,,,
3671,3665,6,,,,,,
3672,3665,7,,,,,,
3671,3665,6,,,,,,
3671,3666,5,,,,,,
3672,3666,6,,,,,,
3672,3666,6,,,,,,
3672,3666,6,,,,,,
3671,3666,5,,,,,,
3671,3666,5,,,,,,
3672,3666,6,,,,,,
3671,3666,5,,,,,,
3672,3666,6,,,,,,
3671,3666,5,,,,,,
3671,3666,5,,,,,,
3671,3666,5,,,,,,
3671,3666,5,,,,,,
3671,3666,5,,,,,,
3671,3666,5,,,,,,
3671,3666,5,,,,,,
3671,3666,5,,,,,,
3671,3666,5,,,,,,
3671,3666,5,,,,,,
3671,3666,5,,,,,,
3671,3666,5,,,,,,
3671,3666,5,,,,,,
3671,3666,5,,,,,,
3671,3666,5,,,,,,
3671,3666,5,,,,,,
3671,3666,5,,,,,,
3671,3666,5,,,,,,
3672,3666,6,,,,,,
3672,3666,6,,,,,,
3671,3666,5,,,,,,
3671,3667,4,,,,,,
3671,3667,4,,,,,,
3671,3667,4,,,,,,
3671,3667,4,,,,,,
3671,3667,4,,,,,,
3671,3667,4,,,,,,
3671,3667,4,,,,,,
3671,3667,4,,,,,,
3671,3667,4,,,,,,
3672,3667,5,,,,,,
3672,3667,5,,,,,,
3671,3667,4,,,,,,
3671,3667,4,,,,,,
3671,3667,4,,,,,,
3671,3667,4,,,,,,
3672,3667,5,,,,,,
3672,3667,5,,,,,,
3671,3667,4,,,,,,
3671,3667,4,,,,,,
3671,3667,4,,,,,,
3671,3667,4,,,,,,
3671,3667,4,,,,,,
3671,3667,4,,,,,,
3671,3667,4,,,,,,
3671,3667,4,,,,,,
3671,3667,4,,,,,,
3671,3667,4,,,,,,
3671,3667,4,,,,,,
3671,3667,4,,,,,,
3671,3667,4,,,,,,
3671,3667,4,,,,,,
3671,3667,4,,,,,,
3671,3667,4,,,,,,
3671,3667,4,,,,,,
3671,3667,4,,,,,,
3671,3667,4,,,,,,
3671,3667,4,,,,,,
3671,3668,3,,,,,,
3671,3668,3,,,,,,
3671,3668,3,,,,,,
3671,3668,3,,,,,,
3671,3668,3,,,,,,
3671,3668,3,,,,,,
3671,3668,3,,,,,,
3671,3668,3,,,,,,
3671,3668,3,,,,,,
3671,3668,3,,,,,,
3671,3668,3,,,,,,
3672,3668,4,,,,,,
3671,3668,3,,,,,,
3671,3668,3,,,,,,
3671,3668,3,,,,,,
3671,3668,3,,,,,,
3671,3668,3,,,,,,
3671,3668,3,,,,,,
3671,3668,3,,,,,,
3671,3668,3,,,,,,
3671,3668,3,,,,,,
3671,3668,3,,,,,,
3671,3668,3,,,,,,
3671,3668,3,,,,,,
3671,3668,3,,,,,,
3671,3668,3,,,,,,
3671,3668,3,,,,,,
3671,3668,3,,,,,,
3671,3668,3,,,,,,
3671,3668,3,,,,,,
3671,3668,3,,,,,,
3671,3668,3,,,,,,
3671,3668,3,,,,,,
3671,3668,3,,,,,,
3671,3668,3,,,,,,
3671,3668,3,,,,,,
3672,3668,4,,,,,,
3671,3668,3,,,,,,
3671,3668,3,,,,,,
3671,3668,3,,,,,,
3671,3668,3,,,,,,
3671,3668,3,,,,,,
3671,3668,3,,,,,,
3671,3668,3,,,,,,
3671,3668,3,,,,,,
3671,3668,3,,,,,,
3671,3668,3,,,,,,
3671,3668,3,,,,,,
3671,3668,3,,,,,,
3672,3668,4,,,,,,
3671,3668,3,,,,,,
3671,3669,2,,,,,,
3671,3669,2,,,,,,
3671,3669,2,,,,,,
3671,3669,2,,,,,,
3671,3669,2,,,,,,
3671,3669,2,,,,,,
3671,3669,2,,,,,,
3671,3669,2,,,,,,
3672,3669,3,,,,,,
3671,3669,2,,,,,,
3671,3669,2,,,,,,
3671,3669,2,,,,,,
3671,3669,2,,,,,,
3671,3669,2,,,,,,
3671,3669,2,,,,,,
3671,3669,2,,,,,,
3671,3669,2,,,,,,
3671,3669,2,,,,,,
3671,3669,2,,,,,,
3671,3669,2,,,,,,
3671,3669,2,,,,,,
3671,3669,2,,,,,,
3671,3669,2,,,,,,
3671,3669,2,,,,,,
3671,3669,2,,,,,,
3671,3669,2,,,,,,
3671,3669,2,,,,,,
3671,3669,2,,,,,,
3671,3669,2,,,,,,
3671,3669,2,,,,,,
3671,3669,2,,,,,,
3671,3669,2,,,,,,
3671,3669,2,,,,,,
3671,3669,2,,,,,,
3671,3669,2,,,,,,
3671,3669,2,,,,,,
3671,3669,2,,,,,,
3671,3669,2,,,,,,
3670,3669,1,,,,,,
3670,3669,1,,,,,,
3670,3669,1,,,,,,
3670,3669,1,,,,,,
3670,3669,1,,,,,,
3670,3669,1,,,,,,
3670,3669,1,,,,,,
3670,3669,1,,,,,,
3670,3669,1,,,,,,
3670,3669,1,,,,,,
3670,3669,1,,,,,,
3670,3669,1,,,,,,
3670,3669,1,,,,,,
3670,3669,1,,,,,,
3670,3669,1,,,,,,
3670,3669,1,,,,,,
3670,3669,1,,,,,,
3670,3669,1,,,,,,
3670,3669,1,,,,,,
3670,3669,1,,,,,,
3670,3669,1,,,,,,
3670,3669,1,,,,,,
3671,3669,2,,,,,,
3672,3669,3,,,,,,
3672,3669,3,,,,,,
3672,3669,3,,,,,,
3671,3669,2,,,,,,
3671,3669,2,,,,,,
3671,3669,2,,,,,,
3672,3669,3,,,,,,
3671,3669,2,,,,,,
3672,3669,3,,,,,,
3671,3669,2,,,,,,
3671,3669,2,,,,,,
3671,3669,2,,,,,,
3671,3669,2,,,,,,
3672,3669,3,,,,,,
3671,3669,2,,,,,,
3671,3669,2,,,,,,
3671,3669,2,,,,,,
3671,3669,2,,,,,,
3671,3669,2,,,,,,
3672,3669,3,,,,,,
3671,3669,2,,,,,,
3671,3669,2,,,,,,
3671,3669,2,,,,,,
3671,3670,1,,,,,,
3671,3670,1,,,,,,
3672,3670,2,,,,,,
3672,3670,2,,,,,,
3672,3670,2,,,,,,
3672,3670,2,,,,,,
3672,3670,2,,,,,,
3672,3670,2,,,,,,
3673,3670,3,,,,,,
3675,3670,5,,,,,,
3678,3670,8,,,,,,
3704,3670,34,,,,,,
3702,3670,32,,,,,,
3702,3670,32,,,,,,
3702,3670,32,,,,,,
3703,3670,33,,,,,,
3703,3670,33,,,,,,
3703,3670,33,,,,,,
3704,3670,34,,,,,,
3704,3670,34,,,,,,
3706,3670,36,,,,,,
3709,3670,39,,,,,,
3711,3670,41,,,,,,
3714,3670,44,,,,,,
3714,3670,44,,,,,,
3714,3670,44,,,,,,
3714,3670,44,,,,,,
3714,3670,44,,,,,,
3715,3670,45,,,,,,
3715,3670,45,,,,,,
3716,3670,46,,,,,,
3716,3670,46,,,,,,
3716,3670,46,,,,,,
3716,3670,46,,,,,,
3717,3670,47,,,,,,
3719,3670,49,,,,,,
3720,3670,50,,,,,,
3720,3670,50,,,,,,
3720,3670,50,,,,,,
3720,3670,50,,,,,,
3720,3670,50,,,,,,
3720,3670,50,,,,,,
3720,3670,50,,,,,,
3720,3670,50,,,,,,
3719,3670,49,,,,,,
3718,3670,48,,,,,,
3718,3670,48,,,,,,
3718,3670,48,,,,,,
3717,3670,47,,,,,,
3716,3670,46,,,,,,
3715,3670,45,,,,,,
3714,3670,44,,,,,,
3713,3670,43,,,,,,
3711,3670,41,,,,,,
3710,3670,40,,,,,,
3709,3670,39,,,,,,
3708,3670,38,,,,,,
3706,3670,36,,,,,,
3705,3670,35,,,,,,
3704,3670,34,,,,,,
3703,3670,33,,,,,,
3703,3670,33,,,,,,
3703,3670,33,,,,,,
3703,3670,33,,,,,,
3702,3670,32,,,,,,
3701,3670,31,,,,,,
3699,3670,29,,,,,,
3697,3670,27,,,,,,
3695,3670,25,,,,,,
3694,3670,24,,,,,,
3694,3670,24,,,,,,
3694,3670,24,,,,,,
3694,3670,24,,,,,,
3694,3670,24,,,,,,
3694,3670,24,,,,,,
3696,3670,26,,,,,,
3698,3670,28,,,,,,
3699,3670,29,,,,,,
3704,3670,34,,,,,,
3740,3670,70,,,,,,
3741,3670,71,,,,,,
3742,3670,72,,,,,,
3745,3670,75,,,,,,
3746,3670,76,,,,,,
3747,3670,77,,,,,,
3751,3670,81,,,,,,
3754,3670,84,,,,,,
3783,3670,113,,,,,,
3784,3670,114,,,,,,
3786,3670,116,,,,,,
3788,3670,118,,,,,,
3790,3670,120,,,,,,
3793,3670,123,,,,,,
3795,3670,125,,,,,,
3796,3670,126,,,,,,
3797,3670,127,,,,,,
3801,3670,131,,,,,,
3802,3670,132,,,,,,
3804,3670,134,,,,,,
3805,3670,135,,,,,,
3807,3670,137,,,,,,
3808,3670,138,,,,,,
3807,3670,137,,,,,,
3808,3670,138,,,,,,
3807,3670,137,,,,,,
3808,3670,138,,,,,,
3807,3670,137,,,,,,
3807,3670,137,,,,,,
3807,3670,137,,,,,,
3807,3670,137,,,,,,
3807,3670,137,,,,,,
3807,3670,137,,,,,,
3807,3670,137,,,,,,
3807,3670,137,,,,,,
3806,3670,136,,,,,,
3804,3670,134,,,,,,
3801,3670,131,,,,,,
3797,3670,127,,,,,,
3795,3670,125,,,,,,
3794,3670,124,,,,,,
3793,3670,123,,,,,,
3791,3670,121,,,,,,
3791,3670,121,,,,,,
3792,3670,122,,,,,,
3793,3670,123,,,,,,
3798,3670,128,,,,,,
3827,3670,157,,,,,,
3829,3670,159,,,,,,
3866,3670,196,,,,,,
3867,3670,197,,,,,,
3868,3670,198,,,,,,
3869,3670,199,,,,,,
3871,3670,201,,,,,,
3876,3670,206,,,,,,
3879,3670,209,,,,,,
3882,3670,212,,,,,,
3884,3670,214,,,,,,
3889,3670,219,,,,,,
3891,3670,221,,,,,,
3893,3670,223,,,,,,
3895,3670,225,,,,,,
3898,3670,228,,,,,,
3898,3670,228,,,,,,
3896,3670,226,,,,,,
3895,3670,225,,,,,,
3895,3670,225,,,,,,
3894,3670,224,,,,,,
3893,3670,223,,,,,,
3892,3670,222,,,,,,
3891,3670,221,,,,,,
3891,3670,221,,,,,,
3889,3670,219,,,,,,
3888,3670,218,,,,,,
3888,3670,218,,,,,,
3887,3670,217,,,,,,
3885,3670,215,,,,,,
3885,3670,215,,,,,,
3885,3670,215,,,,,,
3884,3670,214,,,,,,
3883,3670,213,,,,,,
3883,3670,213,,,,,,
3883,3670,213,,,,,,
3882,3670,212,,,,,,
3882,3670,212,,,,,,
3882,3670,212,,,,,,
3882,3670,212,,,,,,
3881,3670,211,,,,,,
3878,3670,208,,,,,,
3877,3670,207,,,,,,
3876,3670,206,,,,,,
3874,3670,204,,,,,,
3870,3670,200,,,,,,
3870,3670,200,,,,,,
3870,3670,200,,,,,,
3869,3670,199,,,,,,
3867,3670,197,,,,,,
3866,3670,196,,,,,,
3865,3670,195,,,,,,
3864,3670,194,,,,,,
3863,3670,193,,,,,,
3863,3670,193,,,,,,
3863,3670,193,,,,,,
3863,3670,193,,,,,,
3863,3670,193,,,,,,
3863,3670,193,,,,,,
3862,3670,192,,,,,,
3861,3670,191,,,,,,
3859,3670,189,,,,,,
3858,3670,188,,,,,,
3857,3670,187,,,,,,
3856,3670,186,,,,,,
3854,3670,184,,,,,,
3854,3670,184,,,,,,
3854,3670,184,,,,,,
3853,3670,183,,,,,,
3853,3670,183,,,,,,
3853,3670,183,,,,,,
3854,3670,184,,,,,,
3856,3670,186,,,,,,
3858,3670,188,,,,,,
3859,3670,189,,,,,,
3859,3670,189,,,,,,
3862,3670,192,,,,,,
3865,3670,195,,,,,,
3893,3670,223,,,,,,
3893,3670,223,,,,,,
3893,3670,223,,,,,,
3893,3670,223,,,,,,
3892,3670,222,,,,,,
3892,3670,222,,,,,,
3892,3670,222,,,,,,
3892,3670,222,,,,,,
3892,3670,222,,,,,,
3893,3670,223,,,,,,
3893,3670,223,,,,,,
3893,3670,223,,,,,,
3893,3670,223,,,,,,
3892,3670,222,,,,,,
3892,3670,222,,,,,,
3891,3670,221,,,,,,
3890,3670,220,,,,,,
3890,3670,220,,,,,,
3890,3670,220,,,,,,
3891,3670,221,,,,,,
3892,3670,222,,,,,,
3894,3670,224,,,,,,
3895,3670,225,,,,,,
3896,3670,226,,,,,,
3896,3670,226,,,,,,
3897,3670,227,,,,,,
3898,3670,228,,,,,,
3899,3670,229,,,,,,
3899,3670,229,,,,,,
3898,3670,228,,,,,,
3898,3670,228,,,,,,
3898,3670,228,,,,,,
3898,3670,228,,,,,,
3899,3670,229,,,,,,
3899,3670,229,,,,,,
3899,3670,229,,,,,,
3899,3670,229,,,,,,
3899,3670,229,,,,,,
3899,3670,229,,,,,,
3899,3670,229,,,,,,
3899,3670,229,,,,,,
3899,3670,229,,,,,,
3899,3670,229,,,,,,
3899,3670,229,,,,,,
3900,3670,230,,,,,,
3900,3670,230,,,,,,
3901,3670,231,,,,,,
3902,3670,232,,,,,,
3902,3670,232,,,,,,
3902,3670,232,,,,,,
3902,3670,232,,,,,,
3902,3670,232,,,,,,
3903,3670,233,,,,,,
3903,3670,233,,,,,,
3903,3670,233,,,,,,
3903,3670,233,,,,,,
3902,3670,232,,,,,,
3900,3670,230,,,,,,
3900,3670,230,,,,,,
3900,3670,230,,,,,,
3900,3670,230,,,,,,
3900,3670,230,,,,,,
3901,3670,231,,,,,,
3902,3670,232,,,,,,
3905,3670,235,,,,,,
3907,3670,237,,,,,,
3909,3670,239,,,,,,
3913,3670,243,,,,,,
3914,3670,244,,,,,,
3916,3670,246,,,,,,
3919,3670,249,,,,,,
3950,3670,280,,,,,,
3951,3670,281,,,,,,
3953,3670,283,,,,,,
3954,3670,284,,,,,,
3957,3670,287,,,,,,
3959,3670,289,,,,,,
3962,3670,292,,,,,,
3995,3670,325,,,,,,
3996,3670,326,,,,,,
3997,3670,327,,,,,,
3998,3670,328,,,,,,
3999,3670,329,,,,,,
4000,3670,330,,,,,,
4000,3670,330,,,,,,
4000,3670,330,,,,,,
4000,3670,330,,,,,,
4000,3670,330,,,,,,
4000,3670,330,,,,,,
4000,3670,330,,,,,,
4000,3670,330,,,,,,
4000,3670,330,,,,,,
4000,3670,330,,,,,,
4000,3670,330,,,,,,
4000,3670,330,,,,,,
4000,3670,330,,,,,,
4000,3670,330,,,,,,
4000,3670,330,,,,,,
4000,3670,330,,,,,,
4000,3670,330,,,,,,
4000,3670,330,,,,,,
4000,3670,330,,,,,,
4000,3670,330,,,,,,
3999,3670,329,,,,,,
4000,3670,330,,,,,,
4000,3670,330,,,,,,
3999,3670,329,,,,,,
4000,3670,330,,,,,,
4000,3670,330,,,,,,
4000,3670,330,,,,,,
4000,3670,330,,,,,,
4000,3670,330,,,,,,
4000,3670,330,,,,,,
4000,3670,330,,,,,,
4000,3670,330,,,,,,
4000,3670,330,,,,,,
4000,3670,330,,,,,,
4000,3670,330,,,,,,
4000,3670,330,,,,,,
4000,3670,330,,,,,,
4000,3670,330,,,,,,
3999,3670,329,,,,,,
3998,3670,328,,,,,,
3997,3670,327,,,,,,
3996,3670,326,,,,,,
3994,3670,324,,,,,,
3993,3670,323,,,,,,
3992,3670,322,,,,,,
3992,3670,322,,,,,,
3992,3670,322,,,,,,
3993,3670,323,,,,,,
3994,3670,324,,,,,,
3995,3670,325,,,,,,
3996,3670,326,,,,,,
3997,3670,327,,,,,,
3999,3670,329,,,,,,
4037,3670,367,,,,,,
4070,3670,400,,,,,,
4069,3670,399,,,,,,
4066,3670,396,,,,,,
4063,3670,393,,,,,,
4060,3670,390,,,,,,
4059,3670,389,,,,,,
4059,3670,389,,,,,,
4059,3670,389,,,,,,
4059,3670,389,,,,,,
4059,3670,389,,,,,,
4059,3670,389,,,,,,
4059,3670,389,,,,,,
4059,3670,389,,,,,,
4059,3670,389,,,,,,
4059,3670,389,,,,,,
4060,3670,390,,,,,,
4063,3670,393,,,,,,
4067,3670,397,,,,,,
4072,3670,402,,,,,,
4109,3670,439,,,,,,
4109,3670,439,,,,,,
4109,3670,439,,,,,,
4113,3670,443,,,,,,
4114,3670,444,,,,,,
4116,3670,446,,,,,,
4143,3670,473,,,,,,
4142,3670,472,,,,,,
4141,3670,471,,,,,,
4141,3670,471,,,,,,
4142,3670,472,,,,,,
4144,3670,474,,,,,,
4144,3670,474,,,,,,
4145,3670,475,,,,,,
4147,3670,477,,,,,,
4147,3670,477,,,,,,
4148,3670,478,,,,,,
4148,3670,478,,,,,,
4148,3670,478,,,,,,
4149,3670,479,,,,,,
4150,3670,480,,,,,,
4152,3670,482,,,,,,
4151,3670,481,,,,,,
4153,3670,483,,,,,,
4155,3670,485,,,,,,
4159,3670,489,,,,,,
4161,3670,491,,,,,,
4163,3670,493,,,,,,
4165,3670,495,,,,,,
4167,3670,497,,,,,,
4170,3670,500,,,,,,
4172,3670,502,,,,,,
4172,3670,502,,,,,,
4173,3670,503,,,,,,
4174,3670,504,,,,,,
4173,3670,503,,,,,,
4172,3670,502,,,,,,
4172,3670,502,,,,,,
4172,3670,502,,,,,,
4173,3670,503,,,,,,
4175,3670,505,,,,,,
4207,3670,537,,,,,,
4208,3670,538,,,,,,
4208,3670,538,,,,,,
4207,3670,537,,,,,,
4209,3670,539,,,,,,
4209,3670,539,,,,,,
4209,3670,539,,,,,,
4213,3670,543,,,,,,
4248,3670,578,,,,,,
4250,3670,580,,,,,,
4252,3670,582,,,,,,
4299,3670,629,,,,,,
4298,3670,628,,,,,,
4298,3670,628,,,,,,
4299,3670,629,,,,,,
4388,3670,718,,,,,,
4455,3670,785,,,,,,
4458,3670,788,,,,,,
4457,3670,787,,,,,,
4454,3670,784,,,,,,
4452,3670,782,,,,,,
4450,3670,780,,,,,,
4410,3670,740,,,,,,
4370,3670,700,,,,,,
4365,3670,695,,,,,,
4362,3670,692,,,,,,
4359,3670,689,,,,,,
4358,3670,688,,,,,,
4353,3670,683,,,,,,
4319,3670,649,,,,,,
4318,3670,648,,,,,,
4317,3670,647,,,,,,
4319,3670,649,,,,,,
4322,3670,652,,,,,,
4351,3670,681,,,,,,
4378,3670,708,,,,,,
4378,3670,708,,,,,,
4379,3670,709,,,,,,
4410,3670,740,,,,,,
4411,3670,741,,,,,,
4413,3670,743,,,,,,
4416,3670,746,,,,,,
4453,3670,783,,,,,,
4454,3670,784,,,,,,
4455,3670,785,,,,,,
4455,3670,785,,,,,,
4461,3670,791,,,,,,
4493,3670,823,,,,,,
4525,3670,855,,,,,,
4492,3670,822,,,,,,
4494,3670,824,,,,,,
4526,3670,856,,,,,,
4529,3670,859,,,,,,
4531,3670,861,,,,,,
4570,3670,900,,,,,,
4612,3670,942,,,,,,
4614,3670,944,,,,,,
4644,3670,974,,,,,,
4646,3670,976,,,,,,
4647,3670,977,,,,,,
4649,3670,979,,,,,,
4648,3670,978,,,,,,
4557,3670,887,,,,,,
4554,3670,884,,,,,,
4526,3670,856,,,,,,
4560,3670,890,,,,,,
4590,3670,920,,,,,,
4593,3670,923,,,,,,
4565,3670,895,,,,,,
4505,3670,835,,,,,,
4581,3670,911,,,,,,
4630,3670,960,,,,,,
4681,3670,1011,,,,,,
4681,3670,1011,,,,,,
4687,3670,1017,,,,,,
4687,3670,1017,,,,,,
4688,3670,1018,,,,,,
4626,3670,956,,,,,,
4594,3670,924,,,,,,
4592,3670,922,,,,,,
4589,3670,919,,,,,,
4550,3670,880,,,,,,
4548,3670,878,,,,,,
4547,3670,877,,,,,,
4548,3670,878,,,,,,
4550,3670,880,,,,,,
4553,3670,883,,,,,,
4586,3670,916,,,,,,
4677,3670,1007,,,,,,
4706,3670,1036,,,,,,
4708,3670,1038,,,,,,
4810,3670,1140,,,,,,
4807,3670,1137,,,,,,
4841,3670,1171,,,,,,
7998,3670,4328,,,,,,
7998,3670,4328,,,,,,
6159,3670,2489,,,,,,
3941,3670,271,,,,,,
3503,3670,-167,,,,,,
7590,3670,3920,,,,,,
7999,3670,4329,,,,,,
4808,3670,1138,,,,,,
4667,3670,997,,,,,,
4599,3670,929,,,,,,
4601,3670,931,,,,,,
4602,3670,932,,,,,,
4663,3670,993,,,,,,
4703,3670,1033,,,,,,
4743,3670,1073,,,,,,
4821,3670,1151,,,,,,
4779,3670,1109,,,,,,
4941,3670,1271,,,,,,
4801,3670,1131,,,,,,
4908,3670,1238,,,,,,
4835,3670,1165,,,,,,
4787,3670,1117,,,,,,
4790,3670,1120,,,,,,
4742,3670,1072,,,,,,
4777,3670,1107,,,,,,
4778,3670,1108,,,,,,
4774,3670,1104,,,,,,
4777,3670,1107,,,,,,
4803,3670,1133,,,,,,
4888,3670,1218,,,,,,
6020,3670,2350,,,,,,
7282,3670,3612,,,,,,
7999,3670,4329,,,,,,
7500,3670,3830,,,,,,
4301,3670,631,,,,,,
3647,3670,-23,,,,,,
4665,3670,995,,,,,,
6743,3670,3073,,,,,,
7474,3670,3804,,,,,,
6330,3670,2660,,,,,,
5451,3670,1781,,,,,,
4876,3670,1206,,,,,,
4753,3670,1083,,,,,,
5524,3670,1854,,,,,,
6959,3670,3289,,,,,,
7200,3670,3530,,,,,,
5924,3670,2254,,,,,,
4714,3670,1044,,,,,,
3417,3670,-253,,,,,,
6117,3670,2447,,,,,,
7995,3670,4325,,,,,,
7995,3670,4325,,,,,,
7995,3670,4325,,,,,,
4836,3670,1166,,,,,,
3302,3670,-368,,,,,,
4524,3670,854,,,,,,
6591,3670,2921,,,,,,
7998,3670,4328,,,,,,
7998,3670,4328,,,,,,
5083,3670,1413,,,,,,
3097,3670,-573,,,,,,
7564,3670,3894,,,,,,
7999,3670,4329,,,,,,
8000,3670,4330,,,,,,
7999,3670,4329,,,,,,
5943,3670,2273,,,,,,
3017,3670,-653,,,,,,
4785,3670,1115,,,,,,
7998,3670,4328,,,,,,
7999,3670,4329,,,,,,
8000,3670,4330,,,,,,
7337,3670,3667,,,,,,
2808,3670,-862,,,,,,
4771,3670,1101,,,,,,
8000,3670,4330,,,,,,
8000,3670,4330,,,,,,
8000,3670,4330,,,,,,
8000,3670,4330,,,,,,
3914,3670,244,,,,,,
5607,3670,1937,,,,,,
8000,3670,4330,,,,,,
8000,3670,4330,,,,,,
8000,3670,4330,,,,,,
8000,3670,4330,,,,,,
6592,3670,2922,,,,,,
7826,3670,4156,,,,,,
8000,3670,4330,,,,,,
8000,3670,4330,,,,,,
8000,3670,4330,,,,,,
8000,3670,4330,,,,,,
7829,3670,4159,,,,,,
8000,3670,4330,,,,,,
8000,3670,4330,,,,,,
8000,3670,4330,,,,,,
8000,3670,4330,,,,,,
8000,3670,4330,,,,,,
8000,3670,4330,,,,,,
8000,3670,4330,,,,,,
8000,3670,4330,,,,,,
8000,3670,4330,,,,,,
8000,3670,4330,,,,,,
8000,3670,4330,,,,,,
8000,3670,4330,,,,,,
8000,3670,4330,,,,,,
8000,3670,4330,,,,,,
8000,3670,4330,,,,,,
8000,3670,4330,,,,,,
8000,3670,4330,,,,,,
8000,3670,4330,,,,,,
7999,3670,4329,,,,,,
8000,3670,4330,,,,,,
8000,3670,4330,,,,,,
8000,3670,4330,,,,,,
8000,3670,4330,,,,,,
8000,3670,4330,,,,,,
8000,3670,4330,,,,,,
8000,3670,4330,,,,,,
8000,3670,4330,,,,,,
8000,3670,4330,,,,,,
8000,3670,4330,,,,,,
8000,3670,4330,,,,,,
8000,3670,4330,,,,,,
8000,3670,4330,,,,,,
8000,3670,4330,,,,,,
8000,3670,4330,,,,,,
8000,3670,4330,,,,,,
8000,3670,4330,,,,,,
8000,3670,4330,,,,,,
8000,3670,4330,,,,,,
8000,3670,4330,,,,,,
8000,3670,4330,,,,,,
8000,3670,4330,,,,,,
8000,3670,4330,,,,,,
7999,3670,4329,,,,,,
8000,3670,4330,,,,,,
8000,3670,4330,,,,,,
8000,3670,4330,,,,,,
8000,3670,4330,,,,,,
8000,3670,4330,,,,,,
8000,3670,4330,,,,,,
8000,3670,4330,,,,,,
8000,3670,4330,,,,,,
8000,3670,4330,,,,,,
8000,3670,4330,,,,,,
8000,3670,4330,,,,,,
8000,3670,4330,,,,,,
8000,3670,4330,,,,,,
8000,3670,4330,,,,,,
8000,3670,4330,,,,,,
8000,3670,4330,,,,,,
8000,3670,4330,,,,,,
8000,3670,4330,,,,,,
8000,3670,4330,,,,,,
8000,3670,4330,,,,,,
8000,3670,4330,,,,,,
8000,3670,4330,,,,,,
4549,3670,879,,,,,,
3811,3670,141,,,,,,
3740,3670,70,,,,,,
3634,3670,-36,,,,,,
3700,3670,30,,,,,,
3698,3670,28,,,,,,
3697,3670,27,,,,,,
3698,3670,28,,,,,,
3697,3670,27,,,,,,
3662,3670,-8,,,,,,
3713,3670,43,,,,,,
3658,3670,-12,,,,,,
3711,3670,41,,,,,,
3672,3670,2,,,,,,
3710,3670,40,,,,,,
3708,3670,38,,,,,,
3707,3670,37,,,,,,
3657,3670,-13,,,,,,
3695,3670,25,,,,,,
3694,3670,24,,,,,,
3694,3670,24,,,,,,
3692,3670,22,,,,,,
3689,3670,19,,,,,,
3691,3670,21,,,,,,
3692,3670,22,,,,,,
3690,3670,20,,,,,,
3690,3670,20,,,,,,
3691,3670,21,,,,,,
3690,3670,20,,,,,,
3690,3670,20,,,,,,
3651,3670,-19,,,,,,
3684,3670,14,,,,,,
3683,3670,13,,,,,,
3683,3670,13,,,,,,
3682,3670,12,,,,,,
3682,3670,12,,,,,,
3683,3670,13,,,,,,
3683,3670,13,,,,,,
3681,3670,11,,,,,,
3681,3670,11,,,,,,
3679,3670,9,,,,,,
3679,3670,9,,,,,,
3679,3670,9,,,,,,
3680,3670,10,,,,,,
3678,3670,8,,,,,,
3679,3670,9,,,,,,
3680,3670,10,,,,,,
3679,3670,9,,,,,,
3679,3670,9,,,,,,
3679,3670,9,,,,,,
3679,3670,9,,,,,,
3679,3670,9,,,,,,
3679,3670,9,,,,,,
3679,3670,9,,,,,,
3679,3670,9,,,,,,
3679,3670,9,,,,,,
3679,3671,8,,,,,,
3679,3671,8,,,,,,
3679,3671,8,,,,,,
3679,3671,8,,,,,,
3679,3671,8,,,,,,
3679,3671,8,,,,,,
3679,3671,8,,,,,,
3679,3671,8,,,,,,
3679,3671,8,,,,,,
3679,3671,8,,,,,,
3679,3671,8,,,,,,
3679,3671,8,,,,,,
3679,3671,8,,,,,,
3679,3671,8,,,,,,
3679,3671,8,,,,,,
3679,3671,8,,,,,,
3677,3671,6,,,,,,
3677,3671,6,,,,,,
3677,3671,6,,,,,,
3677,3671,6,,,,,,
3675,3671,4,,,,,,
3675,3671,4,,,,,,
3675,3671,4,,,,,,
3675,3671,4,,,,,,
3675,3672,3,,,,,,
3675,3672,3,,,,,,
3675,3672,3,,,,,,
3675,3672,3,,,,,,
3674,3672,2,,,,,,
3674,3672,2,,,,,,
3674,3672,2,,,,,,
3673,3672,1,,,,,,
3673,3672,1,,,,,,
3672,3672,0,,,,,,
3672,3672,0,,,,,,
3672,3672,0,,,,,,
3672,3672,0,,,,,,
3672,3672,0,,,,,,
3672,3672,0,,,,,,
3671,3672,-1,,,,,,
3672,3672,0,,,,,,
3672,3672,0,,,,,,
3672,3672,0,,,,,,
3672,3672,0,,,,,,
3671,3672,-1,,,,,,
3671,3672,-1,,,,,,
3671,3672,-1,,,,,,
3672,3672,0,,,,,,
3672,3672,0,,,,,,
3672,3672,0,,,,,,
3672,3672,0,,,,,,
3671,3672,-1,,,,,,
3671,3672,-1,,,,,,
3671,3672,-1,,,,,,
3671,3672,-1,,,,,,
3671,3672,-1,,,,,,
3671,3672,-1,,,,,,
3672,3672,0,,,,,,
3671,3672,-1,,,,,,
3671,3672,-1,,,,,,
3672,3672,0,,,,,,
3671,3672,-1,,,,,,
3672,3672,0,,,,,,
3672,3672,0,,,,,,
3671,3672,-1,,,,,,
3671,3672,-1,,,,,,
3671,3672,-1,,,,,,
3671,3672,-1,,,,,,
3672,3672,0,,,,,,
3671,3672,-1,,,,,,
3671,3672,-1,,,,,,
3671,3672,-1,,,,,,
3671,3672,-1,,,,,,
3672,3672,0,,,,,,
3672,3672,0,,,,,,
3672,3672,0,,,,,,
3671,3672,-1,,,,,,
3672,3672,0,,,,,,
3671,3672,-1,,,,,,
3672,3672,0,,,,,,
3672,3672,0,,,,,,
3672,3672,0,,,,,,
3671,3672,-1,,,,,,
3671,3672,-1,,,,,,
3672,3672,0,,,,,,
3671,3672,-1,,,,,,
3672,3672,0,,,,,,
3672,3672,0,,,,,,
3672,3672,0,,,,,,
3671,3672,-1,,,,,,
3671,3672,-1,,,,,,
3671,3672,-1,,,,,,
3671,3672,-1,,,,,,
3671,3672,-1,,,,,,
3672,3672,0,,,,,,
3672,3672,0,,,,,,
3671,3672,-1,,,,,,
3671,3672,-1,,,,,,
3671,3672,-1,,,,,,
3671,3672,-1,,,,,,
3672,3672,0,,,,,,
3672,3672,0,,,,,,
3671,3672,-1,,,,,,
3672,3672,0,,,,,,
3671,3672,-1,,,,,,
3671,3672,-1,,,,,,
3672,3672,0,,,,,,
3671,3672,-1,,,,,,
3671,3672,-1,,,,,,
3671,3672,-1,,,,,,
3671,3672,-1,,,,,,
3672,3672,0,,,,,,
3671,3672,-1,,,,,,
3671,3672,-1,,,,,,
3672,3672,0,,,,,,
3672,3672,0,,,,,,
3672,3672,0,,,,,,
3673,3672,1,,,,,,
3704,3672,32,,,,,,
3747,3672,75,,,,,,
5666,3672,1994,,,,,,
4001,3672,329,,,,,,
3876,3672,204,,,,,,
3909,3672,237,,,,,,
4008,3672,336,,,,,,
4377,3672,705,,,,,,
8000,3672,4328,,,,,,
8000,3672,4328,,,,,,
8000,3672,4328,,,,,,
8000,3672,4328,,,,,,
8000,3672,4328,,,,,,
8000,3672,4328,,,,,,
8000,3672,4328,,,,,,
8000,3672,4328,,,,,,
8000,3672,4328,,,,,,
8000,3672,4328,,,,,,
8000,3672,4328,,,,,,
8000,3672,4328,,,,,,
8000,3672,4328,,,,,,
8000,3672,4328,,,,,,
8000,3672,4328,,,,,,
8000,3672,4328,,,,,,
8000,3672,4328,,,,,,
8000,3672,4328,,,,,,
8000,3672,4328,,,,,,
8000,3672,4328,,,,,,
8000,3672,4328,,,,,,
8000,3672,4328,,,,,,
8000,3672,4328,,,,,,
8000,3672,4328,,,,,,
8000,3672,4328,,,,,,
8000,3672,4328,,,,,,
8000,3672,4328,,,,,,
8000,3672,4328,,,,,,
8000,3672,4328,,,,,,
8000,3672,4328,,,,,,
8000,3672,4328,,,,,,
8000,3672,4328,,,,,,
8000,3672,4328,,,,,,
8000,3672,4328,,,,,,
8000,3672,4328,,,,,,
8000,3672,4328,,,,,,
8000,3672,4328,,,,,,
8000,3672,4328,,,,,,
8000,3672,4328,,,,,,
8000,3672,4328,,,,,,
8000,3672,4328,,,,,,
8000,3672,4328,,,,,,
8000,3672,4328,,,,,,
8000,3672,4328,,,,,,
8000,3672,4328,,,,,,
8000,3672,4328,,,,,,
8000,3672,4328,,,,,,
8000,3672,4328,,,,,,
8000,3672,4328,,,,,,
8000,3672,4328,,,,,,
8000,3672,4328,,,,,,
8000,3672,4328,,,,,,
8000,3672,4328,,,,,,
8000,3672,4328,,,,,,
8000,3672,4328,,,,,,
8000,3672,4328,,,,,,
8000,3672,4328,,,,,,
8000,3672,4328,,,,,,
8000,3672,4328,,,,,,
8000,3672,4328,,,,,,
8000,3672,4328,,,,,,
8000,3672,4328,,,,,,
8000,3672,4328,,,,,,
8000,3672,4328,,,,,,
8000,3672,4328,,,,,,
8000,3672,4328,,,,,,
8000,3672,4328,,,,,,
8000,3672,4328,,,,,,
8000,3672,4328,,,,,,
8000,3672,4328,,,,,,
8000,3672,4328,,,,,,
8000,3672,4328,,,,,,
8000,3672,4328,,,,,,
8000,3672,4328,,,,,,
8000,3672,4328,,,,,,
8000,3672,4328,,,,,,
8000,3672,4328,,,,,,
8000,3672,4328,,,,,,
8000,3672,4328,,,,,,
8000,3672,4328,,,,,,
8000,3672,4328,,,,,,
8000,3672,4328,,,,,,
8000,3672,4328,,,,,,
8000,3672,4328,,,,,,
8000,3672,4328,,,,,,
8000,3672,4328,,,,,,
8000,3672,4328,,,,,,
8000,3672,4328,,,,,,
8000,3672,4328,,,,,,
8000,3672,4328,,,,,,
8000,3672,4328,,,,,,
8000,3672,4328,,,,,,
8000,3672,4328,,,,,,
8000,3672,4328,,,,,,
8000,3672,4328,,,,,,
8000,3672,4328,,,,,,
8000,3672,4328,,,,,,
8000,3672,4328,,,,,,
8000,3672,4328,,,,,,
8000,3672,4328,,,,,,
8000,3672,4328,,,,,,
8000,3672,4328,,,,,,
8000,3672,4328,,,,,,
8000,3672,4328,,,,,,
8000,3672,4328,,,,,,
8000,3672,4328,,,,,,
8000,3672,4328,,,,,,
8000,3672,4328,,,,,,
8000,3672,4328,,,,,,
8000,3672,4328,,,,,,
8000,3672,4328,,,,,,
8000,3672,4328,,,,,,
8000,3672,4328,,,,,,
8000,3672,4328,,,,,,
8000,3672,4328,,,,,,
8000,3672,4328,,,,,,
8000,3672,4328,,,,,,
8000,3672,4328,,,,,,
8000,3672,4328,,,,,,
8000,3672,4328,,,,,,
8000,3672,4328,,,,,,
8000,3672,4328,,,,,,
8000,3672,4328,,,,,,
8000,3672,4328,,,,,,
8000,3672,4328,,,,,,
8000,3672,4328,,,,,,
8000,3672,4328,,,,,,
8000,3672,4328,,,,,,
8000,3672,4328,,,,,,
8000,3672,4328,,,,,,
8000,3672,4328,,,,,,
8000,3672,4328,,,,,,
8000,3672,4328,,,,,,
8000,3672,4328,,,,,,
8000,3672,4328,,,,,,
8000,3672,4328,,,,,,
8000,3672,4328,,,,,,
8000,3672,4328,,,,,,
8000,3672,4328,,,,,,
8000,3672,4328,,,,,,
8000,3672,4328,,,,,,
8000,3672,4328,,,,,,
8000,3672,4328,,,,,,
8000,3672,4328,,,,,,
8000,3672,4328,,,,,,
8000,3672,4328,,,,,,
8000,3672,4328,,,,,,
8000,3672,4328,,,,,,
8000,3672,4328,,,,,,
8000,3672,4328,,,,,,
8000,3672,4328,,,,,,
8000,3672,4328,,,,,,
8000,3672,4328,,,,,,
8000,3672,4328,,,,,,
8000,3672,4328,,,,,,
7999,3672,4327,,,,,,
8000,3672,4328,,,,,,
8000,3672,4328,,,,,,
8000,3672,4328,,,,,,
8000,3672,4328,,,,,,
8000,3672,4328,,,,,,
8000,3672,4328,,,,,,
8000,3672,4328,,,,,,
8000,3672,4328,,,,,,
8000,3672,4328,,,,,,
8000,3672,4328,,,,,,
8000,3672,4328,,,,,,
8000,3672,4328,,,,,,
8000,3672,4328,,,,,,
8000,3672,4328,,,,,,
8000,3672,4328,,,,,,
8000,3672,4328,,,,,,
8000,3672,4328,,,,,,
8000,3672,4328,,,,,,
8000,3672,4328,,,,,,
8000,3672,4328,,,,,,
8000,3672,4328,,,,,,
8000,3672,4328,,,,,,
8000,3672,4328,,,,,,
8000,3672,4328,,,,,,
8000,3672,4328,,,,,,
8000,3672,4328,,,,,,
8000,3672,4328,,,,,,
8000,3672,4328,,,,,,
8000,3672,4328,,,,,,
8000,3672,4328,,,,,,
8000,3672,4328,,,,,,
8000,3672,4328,,,,,,
8000,3672,4328,,,,,,
8000,3672,4328,,,,,,
8000,3672,4328,,,,,,
8000,3672,4328,,,,,,
8000,3672,4328,,,,,,
8000,3672,4328,,,,,,
8000,3672,4328,,,,,,
8000,3672,4328,,,,,,
8000,3672,4328,,,,,,
8000,3672,4328,,,,,,
8000,3672,4328,,,,,,
8000,3672,4328,,,,,,
8000,3672,4328,,,,,,
8000,3672,4328,,,,,,
8000,3672,4328,,,,,,
8000,3672,4328,,,,,,
8000,3672,4328,,,,,,
8000,3672,4328,,,,,,
8000,3672,4328,,,,,,
8000,3672,4328,,,,,,
8000,3672,4328,,,,,,
8000,3672,4328,,,,,,
8000,3672,4328,,,,,,
8000,3672,4328,,,,,,
8000,3672,4328,,,,,,
8000,3672,4328,,,,,,
8000,3672,4328,,,,,,
8000,3672,4328,,,,,,
8000,3672,4328,,,,,,
8000,3672,4328,,,,,,
8000,3672,4328,,,,,,
8000,3672,4328,,,,,,
8000,3672,4328,,,,,,
8000,3672,4328,,,,,,
8000,3672,4328,,,,,,
8000,3672,4328,,,,,,
8000,3672,4328,,,,,,
8000,3672,4328,,,,,,
8000,3672,4328,,,,,,
8000,3672,4328,,,,,,
8000,3672,4328,,,,,,
8000,3672,4328,,,,,,
8000,3672,4328,,,,,,
8000,3672,4328,,,,,,
8000,3672,4328,,,,,,
8000,3672,4328,,,,,,
8000,3672,4328,,,,,,
8000,3672,4328,,,,,,
8000,3672,4328,,,,,,
8000,3672,4328,,,,,,
8000,3672,4328,,,,,,
8000,3672,4328,,,,,,
8000,3672,4328,,,,,,
8000,3672,4328,,,,,,
8000,3672,4328,,,,,,
8000,3672,4328,,,,,,
8000,3672,4328,,,,,,
8000,3672,4328,,,,,,
8000,3672,4328,,,,,,
8000,3672,4328,,,,,,
8000,3672,4328,,,,,,
8000,3672,4328,,,,,,
8000,3672,4328,,,,,,
8000,3672,4328,,,,,,
8000,3672,4328,,,,,,
8000,3672,4328,,,,,,
8000,3672,4328,,,,,,
8000,3672,4328,,,,,,
8000,3672,4328,,,,,,
8000,3672,4328,,,,,,
8000,3672,4328,,,,,,
8000,3672,4328,,,,,,
8000,3672,4328,,,,,,
8000,3672,4328,,,,,,
7999,3672,4327,,,,,,
8000,3672,4328,,,,,,
8000,3672,4328,,,,,,
8000,3672,4328,,,,,,
8000,3672,4328,,,,,,
8000,3672,4328,,,,,,
8000,3672,4328,,,,,,
8000,3672,4328,,,,,,
8000,3672,4328,,,,,,
8000,3672,4328,,,,,,
8000,3672,4328,,,,,,
8000,3672,4328,,,,,,
8000,3672,4328,,,,,,
8000,3672,4328,,,,,,
8000,3672,4328,,,,,,
8000,3672,4328,,,,,,
8000,3672,4328,,,,,,
8000,3672,4328,,,,,,
8000,3672,4328,,,,,,
8000,3672,4328,,,,,,
8000,3672,4328,,,,,,
8000,3672,4328,,,,,,
8000,3672,4328,,,,,,
8000,3672,4328,,,,,,
8000,3672,4328,,,,,,
8000,3672,4328,,,,,,
8000,3672,4328,,,,,,
8000,3672,4328,,,,,,
8000,3672,4328,,,,,,
8000,3672,4328,,,,,,
8000,3672,4328,,,,,,
8000,3672,4328,,,,,,
8000,3672,4328,,,,,,
8000,3672,4328,,,,,,
8000,3672,4328,,,,,,
8000,3672,4328,,,,,,
8000,3672,4328,,,,,,
8000,3672,4328,,,,,,
7765,3672,4093,,,,,,
4106,3672,434,,,,,,
4000,3672,328,,,,,,
3886,3672,214,,,,,,
3742,3672,70,,,,,,
3745,3672,73,,,,,,
3745,3672,73,,,,,,
3715,3672,43,,,,,,
3718,3672,46,,,,,,
3720,3672,48,,,,,,
3720,3672,48,,,,,,
3721,3672,49,,,,,,
3721,3672,49,,,,,,
3723,3672,51,,,,,,
3756,3672,84,,,,,,
3755,3672,83,,,,,,
3729,3672,57,,,,,,
3758,3672,86,,,,,,
3758,3672,86,,,,,,
3760,3672,88,,,,,,
3761,3672,89,,,,,,
3762,3672,90,,,,,,
3761,3672,89,,,,,,
3762,3672,90,,,,,,
3764,3672,92,,,,,,
3797,3672,125,,,,,,
3797,3672,125,,,,,,
3797,3672,125,,,,,,
3797,3672,125,,,,,,
3798,3672,126,,,,,,
3799,3672,127,,,,,,
3800,3672,128,,,,,,
3801,3672,129,,,,,,
3803,3672,131,,,,,,
3809,3672,137,,,,,,
3836,3672,164,,,,,,
3837,3672,165,,,,,,
3838,3672,166,,,,,,
3841,3672,169,,,,,,
3843,3672,171,,,,,,
3844,3672,172,,,,,,
3845,3672,173,,,,,,
3846,3672,174,,,,,,
3848,3672,176,,,,,,
3848,3672,176,,,,,,
3849,3672,177,,,,,,
3849,3672,177,,,,,,
3849,3672,177,,,,,,
3849,3672,177,,,,,,
3848,3672,176,,,,,,
3847,3672,175,,,,,,
3847,3672,175,,,,,,
3847,3672,175,,,,,,
3846,3672,174,,,,,,
3845,3672,173,,,,,,
3840,3672,168,,,,,,
3837,3672,165,,,,,,
3810,3672,138,,,,,,
3809,3672,137,,,,,,
3805,3672,133,,,,,,
3774,3672,102,,,,,,
3772,3672,100,,,,,,
3769,3672,97,,,,,,
3763,3672,91,,,,,,
3761,3672,89,,,,,,
3759,3672,87,,,,,,
3759,3672,87,,,,,,
3760,3672,88,,,,,,
3760,3672,88,,,,,,
3762,3672,90,,,,,,
3762,3672,90,,,,,,
3763,3672,91,,,,,,
3764,3672,92,,,,,,
3765,3672,93,,,,,,
3765,3672,93,,,,,,
3766,3672,94,,,,,,
3767,3672,95,,,,,,
3768,3672,96,,,,,,
3768,3672,96,,,,,,
3768,3672,96,,,,,,
3768,3672,96,,,,,,
3768,3672,96,,,,,,
3768,3672,96,,,,,,
3768,3672,96,,,,,,
3768,3672,96,,,,,,
3768,3672,96,,,,,,
3768,3672,96,,,,,,
3768,3672,96,,,,,,
3768,3672,96,,,,,,
3770,3672,98,,,,,,
3771,3672,99,,,,,,
3772,3672,100,,,,,,
3773,3672,101,,,,,,
3775,3672,103,,,,,,
3776,3672,104,,,,,,
3776,3672,104,,,,,,
3777,3672,105,,,,,,
3779,3672,107,,,,,,
3780,3672,108,,,,,,
3782,3672,110,,,,,,
3783,3672,111,,,,,,
3784,3672,112,,,,,,
3784,3672,112,,,,,,
3784,3672,112,,,,,,
3784,3672,112,,,,,,
3784,3672,112,,,,,,
3784,3672,112,,,,,,
3784,3672,112,,,,,,
3784,3672,112,,,,,,
3784,3672,112,,,,,,
3784,3672,112,,,,,,
3784,3672,112,,,,,,
3784,3672,112,,,,,,
3784,3672,112,,,,,,
3784,3672,112,,,,,,
3784,3672,112,,,,,,
3784,3672,112,,,,,,
3784,3672,112,,,,,,
3784,3672,112,,,,,,
3784,3672,112,,,,,,
3783,3672,111,,,,,,
3784,3672,112,,,,,,
3783,3672,111,,,,,,
3784,3672,112,,,,,,
3784,3672,112,,,,,,
3783,3672,111,,,,,,
3783,3672,111,,,,,,
3784,3672,112,,,,,,
3784,3672,112,,,,,,
3784,3672,112,,,,,,
3784,3672,112,,,,,,
3784,3672,112,,,,,,
3784,3672,112,,,,,,
3784,3672,112,,,,,,
3784,3672,112,,,,,,
3784,3672,112,,,,,,
3783,3672,111,,,,,,
3784,3672,112,,,,,,
3783,3672,111,,,,,,
3783,3672,111,,,,,,
3783,3672,111,,,,,,
3783,3672,111,,,,,,
3783,3672,111,,,,,,
3783,3672,111,,,,,,
3783,3672,111,,,,,,
3783,3672,111,,,,,,
3783,3672,111,,,,,,
3784,3672,112,,,,,,
3784,3672,112,,,,,,
3784,3672,112,,,,,,
3784,3672,112,,,,,,
3785,3672,113,,,,,,
3785,3672,113,,,,,,
3785,3672,113,,,,,,
3785,3672,113,,,,,,
3786,3672,114,,,,,,
3787,3672,115,,,,,,
3788,3672,116,,,,,,
3788,3672,116,,,,,,
3787,3672,115,,,,,,
3787,3672,115,,,,,,
3787,3672,115,,,,,,
3787,3672,115,,,,,,
3787,3672,115,,,,,,
3786,3672,114,,,,,,
3785,3672,113,,,,,,
3784,3672,112,,,,,,
3783,3672,111,,,,,,
3783,3672,111,,,,,,
3784,3672,112,,,,,,
3784,3672,112,,,,,,
3785,3672,113,,,,,,
3786,3672,114,,,,,,
3788,3672,116,,,,,,
3792,3672,120,,,,,,
3793,3672,121,,,,,,
3794,3672,122,,,,,,
3796,3672,124,,,,,,
3796,3672,124,,,,,,
3797,3672,125,,,,,,
3799,3672,127,,,,,,
3800,3672,128,,,,,,
3800,3672,128,,,,,,
3799,3672,127,,,,,,
3799,3672,127,,,,,,
3799,3672,127,,,,,,
3799,3672,127,,,,,,
3799,3672,127,,,,,,
3799,3672,127,,,,,,
3799,3672,127,,,,,,
3798,3672,126,,,,,,
3797,3672,125,,,,,,
3793,3672,121,,,,,,
3793,3672,121,,,,,,
3792,3672,120,,,,,,
3792,3672,120,,,,,,
3792,3672,120,,,,,,
3797,3672,125,,,,,,
3832,3672,160,,,,,,
4853,3672,1181,,,,,,
7999,3672,4327,,,,,,
7601,3672,3929,,,,,,
7854,3672,4182,,,,,,
6633,3672,2961,,,,,,
7999,3672,4327,,,,,,
7999,3672,4327,,,,,,
7706,3672,4034,,,,,,
8000,3672,4328,,,,,,
7999,3672,4327,,,,,,
3997,3672,325,,,,,,
3764,3672,92,,,,,,
3722,3672,50,,,,,,
3718,3672,46,,,,,,
3720,3672,48,,,,,,
3722,3672,50,,,,,,
3726,3672,54,,,,,,
3731,3672,59,,,,,,
3731,3672,59,,,,,,
3734,3672,62,,,,,,
3735,3672,63,,,,,,
3735,3672,63,,,,,,
3735,3672,63,,,,,,
3734,3672,62,,,,,,
3734,3672,62,,,,,,
3734,3672,62,,,,,,
3734,3672,62,,,,,,
3734,3672,62,,,,,,
3735,3672,63,,,,,,
3735,3672,63,,,,,,
3735,3672,63,,,,,,
3734,3672,62,,,,,,
3733,3672,61,,,,,,
3733,3672,61,,,,,,
3731,3672,59,,,,,,
3729,3672,57,,,,,,
3729,3672,57,,,,,,
3729,3672,57,,,,,,
3727,3672,55,,,,,,
3728,3672,56,,,,,,
3728,3672,56,,,,,,
3727,3672,55,,,,,,
3728,3672,56,,,,,,
3727,3672,55,,,,,,
3727,3672,55,,,,,,
3728,3672,56,,,,,,
3727,3672,55,,,,,,
3727,3672,55,,,,,,
3727,3672,55,,,,,,
3727,3672,55,,,,,,
3727,3672,55,,,,,,
3727,3672,55,,,,,,
3728,3672,56,,,,,,
3728,3672,56,,,,,,
3728,3672,56,,,,,,
3728,3672,56,,,,,,
3728,3672,56,,,,,,
3728,3672,56,,,,,,
3728,3672,56,,,,,,
3728,3672,56,,,,,,
3728,3672,56,,,,,,
3728,3672,56,,,,,,
3728,3672,56,,,,,,
3727,3672,55,,,,,,
3727,3672,55,,,,,,
3728,3672,56,,,,,,
3728,3672,56,,,,,,
3727,3672,55,,,,,,
3727,3672,55,,,,,,
3727,3672,55,,,,,,
3727,3672,55,,,,,,
3727,3672,55,,,,,,
3727,3672,55,,,,,,
3728,3672,56,,,,,,
3727,3672,55,,,,,,
3727,3672,55,,,,,,
3727,3672,55,,,,,,
3727,3672,55,,,,,,
3727,3672,55,,,,,,
3728,3672,56,,,,,,
3728,3672,56,,,,,,
3727,3672,55,,,,,,
3727,3672,55,,,,,,
3727,3672,55,,,,,,
3727,3672,55,,,,,,
3728,3672,56,,,,,,
3728,3672,56,,,,,,
3727,3672,55,,,,,,
3727,3672,55,,,,,,
3727,3672,55,,,,,,
3727,3672,55,,,,,,
3727,3672,55,,,,,,
3727,3672,55,,,,,,
3728,3672,56,,,,,,
3728,3672,56,,,,,,
3727,3672,55,,,,,,
3727,3672,55,,,,,,
3727,3672,55,,,,,,
3727,3672,55,,,,,,
3727,3672,55,,,,,,
3727,3672,55,,,,,,
3727,3672,55,,,,,,
3727,3672,55,,,,,,
3727,3672,55,,,,,,
3728,3672,56,,,,,,
3728,3672,56,,,,,,
3727,3672,55,,,,,,
3727,3672,55,,,,,,
3727,3672,55,,,,,,
3727,3672,55,,,,,,
3727,3672,55,,,,,,
3728,3672,56,,,,,,
3727,3672,55,,,,,,
3727,3672,55,,,,,,
3727,3672,55,,,,,,
3727,3672,55,,,,,,
3727,3672,55,,,,,,
3727,3672,55,,,,,,
3728,3672,56,,,,,,
3727,3672,55,,,,,,
3727,3672,55,,,,,,
3727,3672,55,,,,,,
3727,3672,55,,,,,,
3728,3672,56,,,,,,
3728,3672,56,,,,,,
3728,3672,56,,,,,,
3727,3672,55,,,,,,
3727,3672,55,,,,,,
3727,3672,55,,,,,,
3727,3672,55,,,,,,
3728,3672,56,,,,,,
3727,3672,55,,,,,,
3727,3672,55,,,,,,
3727,3672,55,,,,,,
3727,3672,55,,,,,,
3727,3672,55,,,,,,
3727,3672,55,,,,,,
3727,3672,55,,,,,,
3727,3672,55,,,,,,
3727,3672,55,,,,,,
3727,3672,55,,,,,,
3727,3672,55,,,,,,
3728,3672,56,,,,,,
3727,3672,55,,,,,,
3727,3672,55,,,,,,
3727,3672,55,,,,,,
3727,3672,55,,,,,,
3727,3672,55,,,,,,
3727,3672,55,,,,,,
3728,3672,56,,,,,,
3728,3672,56,,,,,,
3727,3672,55,,,,,,
3728,3672,56,,,,,,
3727,3672,55,,,,,,
3727,3672,55,,,,,,
3727,3672,55,,,,,,
3727,3672,55,,,,,,
3727,3672,55,,,,,,
3727,3672,55,,,,,,
3727,3672,55,,,,,,
3727,3672,55,,,,,,
3727,3672,55,,,,,,
3727,3672,55,,,,,,
3727,3672,55,,,,,,
3727,3672,55,,,,,,
3726,3672,54,,,,,,
3726,3672,54,,,,,,
3726,3672,54,,,,,,
3726,3672,54,,,,,,
3725,3672,53,,,,,,
3725,3672,53,,,,,,
3725,3672,53,,,,,,
3725,3672,53,,,,,,
3725,3672,53,,,,,,
3725,3672,53,,,,,,
3725,3672,53,,,,,,
3725,3672,53,,,,,,
3725,3672,53,,,,,,
3725,3672,53,,,,,,
3725,3672,53,,,,,,
3725,3672,53,,,,,,
3725,3672,53,,,,,,
3725,3672,53,,,,,,
3724,3672,52,,,,,,
3722,3672,50,,,,,,
3721,3672,49,,,,,,
3720,3672,48,,,,,,
3719,3672,47,,,,,,
3719,3672,47,,,,,,
3719,3672,47,,,,,,
3719,3672,47,,,,,,
3719,3672,47,,,,,,
3719,3672,47,,,,,,
3719,3672,47,,,,,,
3719,3672,47,,,,,,
3719,3672,47,,,,,,
3719,3672,47,,,,,,
3719,3672,47,,,,,,
3719,3672,47,,,,,,
3719,3672,47,,,,,,
3719,3672,47,,,,,,
3720,3672,48,,,,,,
3719,3672,47,,,,,,
3719,3672,47,,,,,,
3719,3672,47,,,,,,
3719,3672,47,,,,,,
3719,3672,47,,,,,,
3719,3672,47,,,,,,
3719,3672,47,,,,,,
3718,3672,46,,,,,,
3717,3672,45,,,,,,
3715,3672,43,,,,,,
3714,3672,42,,,,,,
3712,3672,40,,,,,,
3710,3672,38,,,,,,
3706,3672,34,,,,,,
3704,3672,32,,,,,,
3699,3672,27,,,,,,
3697,3672,25,,,,,,
3694,3672,22,,,,,,
3692,3672,20,,,,,,
3688,3672,16,,,,,,
3685,3672,13,,,,,,
3681,3672,9,,,,,,
3680,3672,8,,,,,,
3679,3672,7,,,,,,
3679,3672,7,,,,,,
3678,3672,6,,,,,,
3677,3672,5,,,,,,
3677,3672,5,,,,,,
3677,3672,5,,,,,,
3677,3672,5,,,,,,
3677,3672,5,,,,,,
3676,3672,4,,,,,,
3675,3672,3,,,,,,
3673,3672,1,,,,,,
3672,3672,0,,,,,,
3671,3672,-1,,,,,,
3671,3672,-1,,,,,,
3672,3672,0,,,,,,
3671,3672,-1,,,,,,
3671,3672,-1,,,,,,
3672,3672,0,,,,,,
3671,3672,-1,,,,,,
3671,3672,-1,,,,,,
3671,3672,-1,,,,,,
3671,3672,-1,,,,,,
3671,3672,-1,,,,,,
3671,3672,-1,,,,,,
3671,3672,-1,,,,,,
3671,3672,-1,,,,,,
3671,3672,-1,,,,,,
3671,3672,-1,,,,,,
3671,3672,-1,,,,,,
3671,3672,-1,,,,,,
3671,3672,-1,,,,,,
3671,3672,-1,,,,,,
3671,3672,-1,,,,,,
3671,3672,-1,,,,,,
3671,3672,-1,,,,,,
3671,3672,-1,,,,,,
3671,3672,-1,,,,,,
3671,3672,-1,,,,,,
3671,3672,-1,,,,,,
3671,3672,-1,,,,,,
3671,3672,-1,,,,,,
3671,3672,-1,,,,,,
3671,3672,-1,,,,,,
3671,3672,-1,,,,,,
3672,3672,0,,,,,,
3672,3672,0,,,,,,
3672,3672,0,,,,,,
3672,3672,0,,,,,,
3671,3672,-1,,,,,,
3671,3672,-1,,,,,,
3672,3672,0,,,,,,
3672,3672,0,,,,,,
3672,3672,0,,,,,,
3672,3672,0,,,,,,
3671,3672,-1,,,,,,
3671,3672,-1,,,,,,
3671,3672,-1,,,,,,
3672,3672,0,,,,,,
3671,3672,-1,,,,,,
3671,3672,-1,,,,,,
3671,3672,-1,,,,,,
3671,3672,-1,,,,,,
3672,3672,0,,,,,,
3672,3672,0,,,,,,
3672,3672,0,,,,,,
3672,3672,0,,,,,,
3672,3672,0,,,,,,
3671,3672,-1,,,,,,
3671,3672,-1,,,,,,
3671,3672,-1,,,,,,
3672,3672,0,,,,,,
3672,3672,0,,,,,,
3672,3672,0,,,,,,
3672,3672,0,,,,,,
3671,3672,-1,,,,,,
3671,3672,-1,,,,,,
3671,3672,-1,,,,,,
3672,3672,0,,,,,,
3672,3672,0,,,,,,
3672,3672,0,,,,,,
3671,3672,-1,,,,,,
3671,3672,-1,,,,,,
3671,3672,-1,,,,,,
3671,3672,-1,,,,,,
3671,3672,-1,,,,,,
3672,3672,0,,,,,,
3671,3672,-1,,,,,,
3671,3672,-1,,,,,,
3672,3672,0,,,,,,
3671,3672,-1,,,,,,
3671,3672,-1,,,,,,
3672,3672,0,,,,,,
3672,3672,0,,,,,,
3672,3672,0,,,,,,
3671,3672,-1,,,,,,
3671,3672,-1,,,,,,
3672,3672,0,,,,,,
3672,3672,0,,,,,,
3672,3672,0,,,,,,
3671,3672,-1,,,,,,
3671,3672,-1,,,,,,
3671,3672,-1,,,,,,
3671,3672,-1,,,,,,
3671,3672,-1,,,,,,
3672,3672,0,,,,,,
3672,3672,0,,,,,,
3672,3672,0,,,,,,
3672,3672,0,,,,,,
3672,3672,0,,,,,,
3671,3672,-1,,,,,,
3671,3672,-1,,,,,,
3671,3672,-1,,,,,,
3671,3672,-1,,,,,,
3671,3672,-1,,,,,,
3672,3672,0,,,,,,
3671,3672,-1,,,,,,
3672,3672,0,,,,,,
3672,3672,0,,,,,,
3672,3672,0,,,,,,
3672,3672,0,,,,,,
3671,3672,-1,,,,,,
3672,3672,0,,,,,,
3672,3672,0,,,,,,
3672,3672,0,,,,,,
3672,3672,0,,,,,,
3672,3672,0,,,,,,
3672,3672,0,,,,,,
3671,3672,-1,,,,,,
3672,3672,0,,,,,,
3671,3672,-1,,,,,,
3671,3672,-1,,,,,,
3671,3672,-1,,,,,,
3672,3672,0,,,,,,
3672,3672,0,,,,,,
3672,3672,0,,,,,,
3672,3672,0,,,,,,
3672,3672,0,,,,,,
3671,3672,-1,,,,,,
3671,3672,-1,,,,,,
3672,3672,0,,,,,,
3672,3672,0,,,,,,
3672,3672,0,,,,,,
3672,3672,0,,,,,,
3672,3672,0,,,,,,
3671,3672,-1,,,,,,
3672,3672,0,,,,,,
3672,3672,0,,,,,,
3671,3672,-1,,,,,,
3671,3672,-1,,,,,,
3671,3672,-1,,,,,,
3671,3672,-1,,,,,,
3671,3672,-1,,,,,,
3672,3672,0,,,,,,
3672,3672,0,,,,,,
3672,3672,0,,,,,,
3672,3672,0,,,,,,
3672,3672,0,,,,,,
3671,3672,-1,,,,,,
3672,3672,0,,,,,,
3671,3672,-1,,,,,,
3672,3672,0,,,,,,
3672,3672,0,,,,,,
3672,3672,0,,,,,,
3671,3672,-1,,,,,,
3671,3672,-1,,,,,,
3672,3672,0,,,,,,
3671,3672,-1,,,,,,
3672,3672,0,,,,,,
3672,3672,0,,,,,,
3671,3672,-1,,,,,,
3671,3672,-1,,,,,,
3672,3672,0,,,,,,
3672,3672,0,,,,,,
3672,3672,0,,,,,,
3672,3672,0,,,,,,
3672,3672,0,,,,,,
3671,3672,-1,,,,,,
3671,3672,-1,,,,,,
3672,3672,0,,,,,,
3672,3672,0,,,,,,
3671,3672,-1,,,,,,
3671,3672,-1,,,,,,
3671,3672,-1,,,,,,
3672,3672,0,,,,,,
3672,3672,0,,,,,,
3672,3672,0,,,,,,
3671,3672,-1,,,,,,
3671,3672,-1,,,,,,
3672,3672,0,,,,,,
3672,3672,0,,,,,,
3671,3672,-1,,,,,,
3671,3672,-1,,,,,,
3672,3672,0,,,,,,
3671,3672,-1,,,,,,
3671,3672,-1,,,,,,
3671,3672,-1,,,,,,
3671,3672,-1,,,,,,
3672,3672,0,,,,,,
3672,3672,0,,,,,,
3672,3672,0,,,,,,
3671,3672,-1,,,,,,
3671,3672,-1,,,,,,
3671,3672,-1,,,,,,
3671,3672,-1,,,,,,
3671,3672,-1,,,,,,
3671,3672,-1,,,,,,
3671,3672,-1,,,,,,
3671,3672,-1,,,,,,
3671,3672,-1,,,,,,
3671,3672,-1,,,,,,
3671,3672,-1,,,,,,
3671,3672,-1,,,,,,
3671,3672,-1,,,,,,
3672,3672,0,,,,,,
3671,3672,-1,,,,,,
3671,3672,-1,,,,,,
3671,3672,-1,,,,,,
3671,3672,-1,,,,,,
3671,3672,-1,,,,,,
3672,3672,0,,,,,,
3671,3672,-1,,,,,,
3671,3672,-1,,,,,,
3671,3672,-1,,,,,,
3671,3672,-1,,,,,,
3671,3672,-1,,,,,,
3672,3672,0,,,,,,
3672,3672,0,,,,,,
3671,3672,-1,,,,,,
3671,3672,-1,,,,,,
3671,3672,-1,,,,,,
3671,3672,-1,,,,,,
3671,3672,-1,,,,,,
3671,3672,-1,,,,,,
3671,3672,-1,,,,,,
3671,3672,-1,,,,,,
3671,3672,-1,,,,,,
3671,3672,-1,,,,,,
3671,3672,-1,,,,,,
3671,3672,-1,,,,,,
3671,3672,-1,,,,,,
3671,3672,-1,,,,,,
3671,3672,-1,,,,,,
3671,3672,-1,,,,,,
3671,3672,-1,,,,,,
3671,3672,-1,,,,,,
3671,3672,-1,,,,,,
3671,3672,-1,,,,,,
3671,3672,-1,,,,,,
3672,3672,0,,,,,,
3671,3672,-1,,,,,,
3671,3672,-1,,,,,,
3671,3672,-1,,,,,,
3671,3672,-1,,,,,,
3671,3672,-1,,,,,,
3671,3672,-1,,,,,,
3672,3672,0,,,,,,
3671,3672,-1,,,,,,
3671,3672,-1,,,,,,
3671,3672,-1,,,,,,
3671,3672,-1,,,,,,
3671,3672,-1,,,,,,
3671,3672,-1,,,,,,
3671,3672,-1,,,,,,
3671,3672,-1,,,,,,
3671,3672,-1,,,,,,
3671,3672,-1,,,,,,
3671,3672,-1,,,,,,
3671,3672,-1,,,,,,
3671,3672,-1,,,,,,
3671,3672,-1,,,,,,
3671,3672,-1,,,,,,
3671,3672,-1,,,,,,
3671,3672,-1,,,,,,
3671,3672,-1,,,,,,
3671,3672,-1,,,,,,
3672,3672,0,,,,,,
3671,3672,-1,,,,,,
3671,3672,-1,,,,,,
3671,3672,-1,,,,,,
3671,3672,-1,,,,,,
3671,3672,-1,,,,,,
3671,3672,-1,,,,,,
3671,3672,-1,,,,,,
3671,3672,-1,,,,,,
3671,3672,-1,,,,,,
3671,3672,-1,,,,,,
3671,3672,-1,,,,,,
3671,3672,-1,,,,,,
3671,3672,-1,,,,,,
3671,3672,-1,,,,,,
3671,3672,-1,,,,,,
3671,3672,-1,,,,,,
3671,3672,-1,,,,,,
3671,3672,-1,,,,,,
3671,3671,0,,,,,,
3671,3671,0,,,,,,
3671,3671,0,,,,,,
3671,3671,0,,,,,,
3671,3671,0,,,,,,
3671,3671,0,,,,,,
3671,3671,0,,,,,,
3671,3671,0,,,,,,
3671,3671,0,,,,,,
3671,3671,0,,,,,,
3671,3671,0,,,,,,
3671,3671,0,,,,,,
3671,3671,0,,,,,,
3671,3671,0,,,,,,
3670,3671,-1,,,,,,
3670,3671,-1,,,,,,
3670,3671,-1,,,,,,
3670,3671,-1,,,,,,
3670,3671,-1,,,,,,
3670,3671,-1,,,,,,
3670,3671,-1,,,,,,
3670,3671,-1,,,,,,
3670,3671,-1,,,,,,
3670,3671,-1,,,,,,
3670,3671,-1,,,,,,
3670,3671,-1,,,,,,
3670,3671,-1,,,,,,
3670,3671,-1,,,,,,
3670,3671,-1,,,,,,
3670,3671,-1,,,,,,
3670,3671,-1,,,,,,
3670,3671,-1,,,,,,
3670,3671,-1,,,,,,
3670,3671,-1,,,,,,
3670,3671,-1,,,,,,
3670,3671,-1,,,,,,
3670,3671,-1,,,,,,
3670,3671,-1,,,,,,
3670,3671,-1,,,,,,
3670,3671,-1,,,,,,
3671,3671,0,,,,,,
3671,3671,0,,,,,,
3671,3671,0,,,,,,
3671,3671,0,,,,,,
3671,3671,0,,,,,,
3671,3671,0,,,,,,
3671,3671,0,,,,,,
3671,3671,0,,,,,,
3672,3671,1,,,,,,
3671,3671,0,,,,,,
3671,3671,0,,,,,,
3671,3671,0,,,,,,
3671,3671,0,,,,,,
3671,3671,0,,,,,,
3671,3671,0,,,,,,
3671,3671,0,,,,,,
3671,3671,0,,,,,,
3671,3671,0,,,,,,
3671,3671,0,,,,,,
3671,3671,0,,,,,,
3671,3671,0,,,,,,
3671,3671,0,,,,,,
3671,3671,0,,,,,,
3671,3671,0,,,,,,
3671,3671,0,,,,,,
3671,3671,0,,,,,,
3671,3671,0,,,,,,
3671,3671,0,,,,,,
3671,3671,0,,,,,,
3671,3671,0,,,,,,
3671,3671,0,,,,,,
3672,3671,1,,,,,,
3671,3671,0,,,,,,
3671,3671,0,,,,,,
3671,3671,0,,,,,,
3671,3671,0,,,,,,
3671,3671,0,,,,,,
3671,3671,0,,,,,,
3671,3671,0,,,,,,
3672,3671,1,,,,,,
3671,3671,0,,,,,,
3671,3671,0,,,,,,
3671,3671,0,,,,,,
3671,3671,0,,,,,,
3671,3671,0,,,,,,
3671,3671,0,,,,,,
3671,3671,0,,,,,,
3671,3671,0,,,,,,
3671,3671,0,,,,,,
3671,3671,0,,,,,,
3671,3671,0,,,,,,
3671,3671,0,,,,,,
3671,3671,0,,,,,,
3671,3671,0,,,,,,
3671,3671,0,,,,,,
3671,3671,0,,,,,,
3671,3671,0,,,,,,
3671,3671,0,,,,,,
3671,3671,0,,,,,,
3671,3671,0,,,,,,
3671,3671,0,,,,,,
3671,3671,0,,,,,,
